symbol,systematic_name,nutrient,rate,expression
SFB2,YNL049C,Glucose,0.05,-0.24
QRI7,YDL104C,Glucose,0.05,-0.02
CFT2,YLR115W,Glucose,0.05,-0.33
SSO2,YMR183C,Glucose,0.05,0.05
PSP2,YML017W,Glucose,0.05,-0.69
RIB2,YOL066C,Glucose,0.05,-0.55
VMA13,YPR036W,Glucose,0.05,-0.75
EDC3,YEL015W,Glucose,0.05,-0.24
VPS5,YOR069W,Glucose,0.05,-0.16
AMN1,YBR158W,Glucose,0.05,0.18
SCW11,YGL028C,Glucose,0.05,-0.67
DSE2,YHR143W,Glucose,0.05,-0.59
COX15,YER141W,Glucose,0.05,-0.28
SPE1,YKL184W,Glucose,0.05,-0.19
MTF1,YMR228W,Glucose,0.05,-0.42
KSS1,YGR040W,Glucose,0.05,-0.76
YAP7,YOL028C,Glucose,0.05,-0.51
YVC1,YOR087W,Glucose,0.05,-0.4
CDC40,YDR364C,Glucose,0.05,-0.19
RMD1,YDL001W,Glucose,0.05,-0.22
PCL6,YER059W,Glucose,0.05,-0.25
AI4,Q0065,Glucose,0.05,-0.36
GGC1,YDL198C,Glucose,0.05,0.76
SUL1,YBR294W,Glucose,0.05,-0.32
RAD57,YDR004W,Glucose,0.05,-0.19
PER1,YCR044C,Glucose,0.05,-0.21
YHC3,YJL059W,Glucose,0.05,0.02
SGE1,YPR198W,Glucose,0.05,0.22
HNM1,YGL077C,Glucose,0.05,-0.67
SWI1,YPL016W,Glucose,0.05,-0.23
NAM8,YHR086W,Glucose,0.05,-0.24
BGL2,YGR282C,Glucose,0.05,-0.08
ACT1,YFL039C,Glucose,0.05,-0.04
SFL1,YOR140W,Glucose,0.05,-0.18
OYE3,YPL171C,Glucose,0.05,-0.9
MMP1,YLL061W,Glucose,0.05,-0.58
MHT1,YLL062C,Glucose,0.05,-1.38
SUL2,YLR092W,Glucose,0.05,-1.14
IPP1,YBR011C,Glucose,0.05,-0.55
CWP1,YKL096W,Glucose,0.05,-0.91
LEU9,YOR108W,Glucose,0.05,-0.08
LEU1,YGL009C,Glucose,0.05,-1.12
LEU2,YCL018W,Glucose,0.05,-0.59
LEU4,YNL104C,Glucose,0.05,2.61
ADH2,YMR303C,Glucose,0.05,6.28
SFB2,YNL049C,Glucose,0.1,-0.13
QRI7,YDL104C,Glucose,0.1,-0.27
CFT2,YLR115W,Glucose,0.1,-0.41
SSO2,YMR183C,Glucose,0.1,0.02
PSP2,YML017W,Glucose,0.1,-0.03
RIB2,YOL066C,Glucose,0.1,-0.3
VMA13,YPR036W,Glucose,0.1,-0.12
EDC3,YEL015W,Glucose,0.1,-0.22
VPS5,YOR069W,Glucose,0.1,-0.38
AMN1,YBR158W,Glucose,0.1,0.61
SCW11,YGL028C,Glucose,0.1,-0.47
DSE2,YHR143W,Glucose,0.1,-0.17
COX15,YER141W,Glucose,0.1,-0.81
SPE1,YKL184W,Glucose,0.1,0.24
MTF1,YMR228W,Glucose,0.1,-0.43
KSS1,YGR040W,Glucose,0.1,-0.32
YAP7,YOL028C,Glucose,0.1,-0.04
YVC1,YOR087W,Glucose,0.1,-0.14
CDC40,YDR364C,Glucose,0.1,-0.08
RMD1,YDL001W,Glucose,0.1,-0.03
PCL6,YER059W,Glucose,0.1,-0.35
AI4,Q0065,Glucose,0.1,-0.39
GGC1,YDL198C,Glucose,0.1,0.33
SUL1,YBR294W,Glucose,0.1,-0.54
RAD57,YDR004W,Glucose,0.1,0.08
PER1,YCR044C,Glucose,0.1,-0.16
YHC3,YJL059W,Glucose,0.1,-0.27
SGE1,YPR198W,Glucose,0.1,-0.04
HNM1,YGL077C,Glucose,0.1,-0.23
SWI1,YPL016W,Glucose,0.1,-0.27
NAM8,YHR086W,Glucose,0.1,-0.3
BGL2,YGR282C,Glucose,0.1,-0.26
ACT1,YFL039C,Glucose,0.1,-0.55
SFL1,YOR140W,Glucose,0.1,-0.73
OYE3,YPL171C,Glucose,0.1,-1.04
MMP1,YLL061W,Glucose,0.1,0.05
MHT1,YLL062C,Glucose,0.1,-0.72
SUL2,YLR092W,Glucose,0.1,-0.95
IPP1,YBR011C,Glucose,0.1,-0.88
CWP1,YKL096W,Glucose,0.1,-1.28
LEU9,YOR108W,Glucose,0.1,-0.07
LEU1,YGL009C,Glucose,0.1,-0.77
LEU2,YCL018W,Glucose,0.1,-0.71
LEU4,YNL104C,Glucose,0.1,1.53
ADH2,YMR303C,Glucose,0.1,5.81
SFB2,YNL049C,Glucose,0.15,-0.21
QRI7,YDL104C,Glucose,0.15,-0.27
CFT2,YLR115W,Glucose,0.15,-0.24
SSO2,YMR183C,Glucose,0.15,0.4
PSP2,YML017W,Glucose,0.15,0.23
RIB2,YOL066C,Glucose,0.15,-0.12
VMA13,YPR036W,Glucose,0.15,-0.07
EDC3,YEL015W,Glucose,0.15,0.14
VPS5,YOR069W,Glucose,0.15,0.05
AMN1,YBR158W,Glucose,0.15,1.55
SCW11,YGL028C,Glucose,0.15,1.16
DSE2,YHR143W,Glucose,0.15,1.17
COX15,YER141W,Glucose,0.15,-0.39
SPE1,YKL184W,Glucose,0.15,0.03
MTF1,YMR228W,Glucose,0.15,-0.36
KSS1,YGR040W,Glucose,0.15,-0.05
YAP7,YOL028C,Glucose,0.15,0.06
YVC1,YOR087W,Glucose,0.15,-0.06
CDC40,YDR364C,Glucose,0.15,-0.16
RMD1,YDL001W,Glucose,0.15,-0.26
PCL6,YER059W,Glucose,0.15,0.04
AI4,Q0065,Glucose,0.15,0.42
GGC1,YDL198C,Glucose,0.15,-0.21
SUL1,YBR294W,Glucose,0.15,-0.37
RAD57,YDR004W,Glucose,0.15,-0.2
PER1,YCR044C,Glucose,0.15,-0.04
YHC3,YJL059W,Glucose,0.15,-0.33
SGE1,YPR198W,Glucose,0.15,0.11
HNM1,YGL077C,Glucose,0.15,-0.27
SWI1,YPL016W,Glucose,0.15,0.18
NAM8,YHR086W,Glucose,0.15,-0.13
BGL2,YGR282C,Glucose,0.15,0.08
ACT1,YFL039C,Glucose,0.15,0.03
SFL1,YOR140W,Glucose,0.15,0
OYE3,YPL171C,Glucose,0.15,-1.35
MMP1,YLL061W,Glucose,0.15,0.48
MHT1,YLL062C,Glucose,0.15,-0.24
SUL2,YLR092W,Glucose,0.15,-1.07
IPP1,YBR011C,Glucose,0.15,-0.2
CWP1,YKL096W,Glucose,0.15,-0.17
LEU9,YOR108W,Glucose,0.15,-0.66
LEU1,YGL009C,Glucose,0.15,-0.67
LEU2,YCL018W,Glucose,0.15,-0.68
LEU4,YNL104C,Glucose,0.15,1.38
ADH2,YMR303C,Glucose,0.15,5.64
SFB2,YNL049C,Glucose,0.2,-0.15
QRI7,YDL104C,Glucose,0.2,-0.02
CFT2,YLR115W,Glucose,0.2,-0.03
SSO2,YMR183C,Glucose,0.2,0.34
PSP2,YML017W,Glucose,0.2,0.2
RIB2,YOL066C,Glucose,0.2,-0.03
VMA13,YPR036W,Glucose,0.2,0.02
EDC3,YEL015W,Glucose,0.2,0.06
VPS5,YOR069W,Glucose,0.2,0.14
AMN1,YBR158W,Glucose,0.2,1.34
SCW11,YGL028C,Glucose,0.2,1.05
DSE2,YHR143W,Glucose,0.2,0.85
COX15,YER141W,Glucose,0.2,0.24
SPE1,YKL184W,Glucose,0.2,0.17
MTF1,YMR228W,Glucose,0.2,-0.12
KSS1,YGR040W,Glucose,0.2,-0.27
YAP7,YOL028C,Glucose,0.2,0.26
YVC1,YOR087W,Glucose,0.2,0
CDC40,YDR364C,Glucose,0.2,-0.1
RMD1,YDL001W,Glucose,0.2,-0.19
PCL6,YER059W,Glucose,0.2,0.15
AI4,Q0065,Glucose,0.2,-0.09
GGC1,YDL198C,Glucose,0.2,-0.16
SUL1,YBR294W,Glucose,0.2,-0.64
RAD57,YDR004W,Glucose,0.2,-0.16
PER1,YCR044C,Glucose,0.2,0.25
YHC3,YJL059W,Glucose,0.2,0.03
SGE1,YPR198W,Glucose,0.2,0.07
HNM1,YGL077C,Glucose,0.2,-0.16
SWI1,YPL016W,Glucose,0.2,0.12
NAM8,YHR086W,Glucose,0.2,0.32
BGL2,YGR282C,Glucose,0.2,0.07
ACT1,YFL039C,Glucose,0.2,0.2
SFL1,YOR140W,Glucose,0.2,0.06
OYE3,YPL171C,Glucose,0.2,-0.61
MMP1,YLL061W,Glucose,0.2,0.53
MHT1,YLL062C,Glucose,0.2,0.23
SUL2,YLR092W,Glucose,0.2,-0.81
IPP1,YBR011C,Glucose,0.2,0.04
CWP1,YKL096W,Glucose,0.2,0.51
LEU9,YOR108W,Glucose,0.2,-0.45
LEU1,YGL009C,Glucose,0.2,-0.59
LEU2,YCL018W,Glucose,0.2,-0.37
LEU4,YNL104C,Glucose,0.2,1.06
ADH2,YMR303C,Glucose,0.2,5.1
SFB2,YNL049C,Glucose,0.25,-0.05
QRI7,YDL104C,Glucose,0.25,0.24
CFT2,YLR115W,Glucose,0.25,-0.03
SSO2,YMR183C,Glucose,0.25,-0.13
PSP2,YML017W,Glucose,0.25,0
RIB2,YOL066C,Glucose,0.25,-0.16
VMA13,YPR036W,Glucose,0.25,-0.32
EDC3,YEL015W,Glucose,0.25,0
VPS5,YOR069W,Glucose,0.25,-0.04
AMN1,YBR158W,Glucose,0.25,0.23
SCW11,YGL028C,Glucose,0.25,-0.18
DSE2,YHR143W,Glucose,0.25,-0.12
COX15,YER141W,Glucose,0.25,0.01
SPE1,YKL184W,Glucose,0.25,0
MTF1,YMR228W,Glucose,0.25,0.05
KSS1,YGR040W,Glucose,0.25,-0.31
YAP7,YOL028C,Glucose,0.25,-0.19
YVC1,YOR087W,Glucose,0.25,-0.22
CDC40,YDR364C,Glucose,0.25,-0.12
RMD1,YDL001W,Glucose,0.25,-0.1
PCL6,YER059W,Glucose,0.25,0.02
AI4,Q0065,Glucose,0.25,0
GGC1,YDL198C,Glucose,0.25,0
SUL1,YBR294W,Glucose,0.25,-0.09
RAD57,YDR004W,Glucose,0.25,-0.02
PER1,YCR044C,Glucose,0.25,0
YHC3,YJL059W,Glucose,0.25,-0.06
SGE1,YPR198W,Glucose,0.25,-0.1
HNM1,YGL077C,Glucose,0.25,-0.02
SWI1,YPL016W,Glucose,0.25,0.04
NAM8,YHR086W,Glucose,0.25,0.13
BGL2,YGR282C,Glucose,0.25,-0.2
ACT1,YFL039C,Glucose,0.25,-0.23
SFL1,YOR140W,Glucose,0.25,0.13
OYE3,YPL171C,Glucose,0.25,0.16
MMP1,YLL061W,Glucose,0.25,0.33
MHT1,YLL062C,Glucose,0.25,0.29
SUL2,YLR092W,Glucose,0.25,-0.52
IPP1,YBR011C,Glucose,0.25,-0.06
CWP1,YKL096W,Glucose,0.25,0.7
LEU9,YOR108W,Glucose,0.25,-0.06
LEU1,YGL009C,Glucose,0.25,-0.2
LEU2,YCL018W,Glucose,0.25,-0.08
LEU4,YNL104C,Glucose,0.25,0.08
ADH2,YMR303C,Glucose,0.25,1.89
SFB2,YNL049C,Glucose,0.3,-0.05
QRI7,YDL104C,Glucose,0.3,0.25
CFT2,YLR115W,Glucose,0.3,0
SSO2,YMR183C,Glucose,0.3,-0.14
PSP2,YML017W,Glucose,0.3,-0.27
RIB2,YOL066C,Glucose,0.3,-0.11
VMA13,YPR036W,Glucose,0.3,-0.41
EDC3,YEL015W,Glucose,0.3,-0.13
VPS5,YOR069W,Glucose,0.3,-0.01
AMN1,YBR158W,Glucose,0.3,-0.03
SCW11,YGL028C,Glucose,0.3,-0.68
DSE2,YHR143W,Glucose,0.3,-0.61
COX15,YER141W,Glucose,0.3,0.01
SPE1,YKL184W,Glucose,0.3,-0.01
MTF1,YMR228W,Glucose,0.3,0.24
KSS1,YGR040W,Glucose,0.3,-0.01
YAP7,YOL028C,Glucose,0.3,-0.22
YVC1,YOR087W,Glucose,0.3,-0.07
CDC40,YDR364C,Glucose,0.3,-0.1
RMD1,YDL001W,Glucose,0.3,0.15
PCL6,YER059W,Glucose,0.3,0.09
AI4,Q0065,Glucose,0.3,0.12
GGC1,YDL198C,Glucose,0.3,0.09
SUL1,YBR294W,Glucose,0.3,-0.1
RAD57,YDR004W,Glucose,0.3,-0.05
PER1,YCR044C,Glucose,0.3,-0.12
YHC3,YJL059W,Glucose,0.3,-0.18
SGE1,YPR198W,Glucose,0.3,-0.06
HNM1,YGL077C,Glucose,0.3,-0.09
SWI1,YPL016W,Glucose,0.3,-0.11
NAM8,YHR086W,Glucose,0.3,-0.1
BGL2,YGR282C,Glucose,0.3,-0.58
ACT1,YFL039C,Glucose,0.3,-0.56
SFL1,YOR140W,Glucose,0.3,-0.46
OYE3,YPL171C,Glucose,0.3,-0.99
MMP1,YLL061W,Glucose,0.3,0.03
MHT1,YLL062C,Glucose,0.3,0.21
SUL2,YLR092W,Glucose,0.3,-0.37
IPP1,YBR011C,Glucose,0.3,0.01
CWP1,YKL096W,Glucose,0.3,0.2
LEU9,YOR108W,Glucose,0.3,0.33
LEU1,YGL009C,Glucose,0.3,0.03
LEU2,YCL018W,Glucose,0.3,0.07
LEU4,YNL104C,Glucose,0.3,-0.13
ADH2,YMR303C,Glucose,0.3,0.83
SFB2,YNL049C,Ammonia,0.05,0.2
QRI7,YDL104C,Ammonia,0.05,0.23
CFT2,YLR115W,Ammonia,0.05,0.2
SSO2,YMR183C,Ammonia,0.05,-0.35
PSP2,YML017W,Ammonia,0.05,0.17
RIB2,YOL066C,Ammonia,0.05,0.04
VMA13,YPR036W,Ammonia,0.05,0.11
EDC3,YEL015W,Ammonia,0.05,0.3
VPS5,YOR069W,Ammonia,0.05,0.39
AMN1,YBR158W,Ammonia,0.05,-0.59
SCW11,YGL028C,Ammonia,0.05,-0.25
DSE2,YHR143W,Ammonia,0.05,-0.39
COX15,YER141W,Ammonia,0.05,0.46
SPE1,YKL184W,Ammonia,0.05,0.4
MTF1,YMR228W,Ammonia,0.05,-0.53
KSS1,YGR040W,Ammonia,0.05,-0.07
YAP7,YOL028C,Ammonia,0.05,0.42
YVC1,YOR087W,Ammonia,0.05,0.67
CDC40,YDR364C,Ammonia,0.05,0.04
RMD1,YDL001W,Ammonia,0.05,0.24
PCL6,YER059W,Ammonia,0.05,0.15
AI4,Q0065,Ammonia,0.05,0.18
GGC1,YDL198C,Ammonia,0.05,-0.18
SUL1,YBR294W,Ammonia,0.05,-0.76
RAD57,YDR004W,Ammonia,0.05,-0.28
PER1,YCR044C,Ammonia,0.05,-0.56
YHC3,YJL059W,Ammonia,0.05,-0.3
SGE1,YPR198W,Ammonia,0.05,-0.24
HNM1,YGL077C,Ammonia,0.05,0.32
SWI1,YPL016W,Ammonia,0.05,0.14
NAM8,YHR086W,Ammonia,0.05,0.29
BGL2,YGR282C,Ammonia,0.05,-0.52
ACT1,YFL039C,Ammonia,0.05,-0.17
SFL1,YOR140W,Ammonia,0.05,0.1
OYE3,YPL171C,Ammonia,0.05,-0.75
MMP1,YLL061W,Ammonia,0.05,-1.29
MHT1,YLL062C,Ammonia,0.05,-2.51
SUL2,YLR092W,Ammonia,0.05,-0.52
IPP1,YBR011C,Ammonia,0.05,-0.12
CWP1,YKL096W,Ammonia,0.05,-2.15
LEU9,YOR108W,Ammonia,0.05,-1.56
LEU1,YGL009C,Ammonia,0.05,-0.76
LEU2,YCL018W,Ammonia,0.05,-0.32
LEU4,YNL104C,Ammonia,0.05,0.15
ADH2,YMR303C,Ammonia,0.05,0.55
SFB2,YNL049C,Ammonia,0.1,0.24
QRI7,YDL104C,Ammonia,0.1,0.06
CFT2,YLR115W,Ammonia,0.1,-0.25
SSO2,YMR183C,Ammonia,0.1,-0.09
PSP2,YML017W,Ammonia,0.1,-0.4
RIB2,YOL066C,Ammonia,0.1,0
VMA13,YPR036W,Ammonia,0.1,-0.16
EDC3,YEL015W,Ammonia,0.1,0.07
VPS5,YOR069W,Ammonia,0.1,0.2
AMN1,YBR158W,Ammonia,0.1,-0.02
SCW11,YGL028C,Ammonia,0.1,0.26
DSE2,YHR143W,Ammonia,0.1,0.52
COX15,YER141W,Ammonia,0.1,0.79
SPE1,YKL184W,Ammonia,0.1,0.37
MTF1,YMR228W,Ammonia,0.1,0.01
KSS1,YGR040W,Ammonia,0.1,-0.49
YAP7,YOL028C,Ammonia,0.1,0.24
YVC1,YOR087W,Ammonia,0.1,0.55
CDC40,YDR364C,Ammonia,0.1,0.03
RMD1,YDL001W,Ammonia,0.1,0
PCL6,YER059W,Ammonia,0.1,-0.22
AI4,Q0065,Ammonia,0.1,-0.09
GGC1,YDL198C,Ammonia,0.1,0.56
SUL1,YBR294W,Ammonia,0.1,-0.57
RAD57,YDR004W,Ammonia,0.1,-0.2
PER1,YCR044C,Ammonia,0.1,0.16
YHC3,YJL059W,Ammonia,0.1,0.24
SGE1,YPR198W,Ammonia,0.1,0.35
HNM1,YGL077C,Ammonia,0.1,0.56
SWI1,YPL016W,Ammonia,0.1,0.14
NAM8,YHR086W,Ammonia,0.1,0.46
BGL2,YGR282C,Ammonia,0.1,-0.08
ACT1,YFL039C,Ammonia,0.1,-0.06
SFL1,YOR140W,Ammonia,0.1,0.08
OYE3,YPL171C,Ammonia,0.1,-1.63
MMP1,YLL061W,Ammonia,0.1,-1.64
MHT1,YLL062C,Ammonia,0.1,-2.58
SUL2,YLR092W,Ammonia,0.1,-0.72
IPP1,YBR011C,Ammonia,0.1,-0.18
CWP1,YKL096W,Ammonia,0.1,-2.39
LEU9,YOR108W,Ammonia,0.1,-1.25
LEU1,YGL009C,Ammonia,0.1,-1.17
LEU2,YCL018W,Ammonia,0.1,-0.07
LEU4,YNL104C,Ammonia,0.1,0.5
ADH2,YMR303C,Ammonia,0.1,-1.55
SFB2,YNL049C,Ammonia,0.15,-0.2
QRI7,YDL104C,Ammonia,0.15,-0.66
CFT2,YLR115W,Ammonia,0.15,-0.49
SSO2,YMR183C,Ammonia,0.15,-0.08
PSP2,YML017W,Ammonia,0.15,-0.54
RIB2,YOL066C,Ammonia,0.15,-0.63
VMA13,YPR036W,Ammonia,0.15,-0.26
EDC3,YEL015W,Ammonia,0.15,-0.3
VPS5,YOR069W,Ammonia,0.15,0.27
AMN1,YBR158W,Ammonia,0.15,0.67
SCW11,YGL028C,Ammonia,0.15,0
DSE2,YHR143W,Ammonia,0.15,0.48
COX15,YER141W,Ammonia,0.15,0.08
SPE1,YKL184W,Ammonia,0.15,0.05
MTF1,YMR228W,Ammonia,0.15,0.38
KSS1,YGR040W,Ammonia,0.15,-0.38
YAP7,YOL028C,Ammonia,0.15,-0.04
YVC1,YOR087W,Ammonia,0.15,0.4
CDC40,YDR364C,Ammonia,0.15,0.28
RMD1,YDL001W,Ammonia,0.15,0.15
PCL6,YER059W,Ammonia,0.15,0.08
AI4,Q0065,Ammonia,0.15,0.56
GGC1,YDL198C,Ammonia,0.15,0.03
SUL1,YBR294W,Ammonia,0.15,-0.81
RAD57,YDR004W,Ammonia,0.15,0.33
PER1,YCR044C,Ammonia,0.15,0.12
YHC3,YJL059W,Ammonia,0.15,0.52
SGE1,YPR198W,Ammonia,0.15,0.1
HNM1,YGL077C,Ammonia,0.15,0.54
SWI1,YPL016W,Ammonia,0.15,0.39
NAM8,YHR086W,Ammonia,0.15,0
BGL2,YGR282C,Ammonia,0.15,-0.47
ACT1,YFL039C,Ammonia,0.15,-0.76
SFL1,YOR140W,Ammonia,0.15,-0.39
OYE3,YPL171C,Ammonia,0.15,-2.54
MMP1,YLL061W,Ammonia,0.15,-1.3
MHT1,YLL062C,Ammonia,0.15,-1.89
SUL2,YLR092W,Ammonia,0.15,-1.11
IPP1,YBR011C,Ammonia,0.15,-0.8
CWP1,YKL096W,Ammonia,0.15,-2.67
LEU9,YOR108W,Ammonia,0.15,-1.47
LEU1,YGL009C,Ammonia,0.15,-1.2
LEU2,YCL018W,Ammonia,0.15,-1.14
LEU4,YNL104C,Ammonia,0.15,-0.79
ADH2,YMR303C,Ammonia,0.15,-2.52
SFB2,YNL049C,Ammonia,0.2,-0.42
QRI7,YDL104C,Ammonia,0.2,-0.4
CFT2,YLR115W,Ammonia,0.2,-0.49
SSO2,YMR183C,Ammonia,0.2,-0.58
PSP2,YML017W,Ammonia,0.2,-1.19
RIB2,YOL066C,Ammonia,0.2,-0.51
VMA13,YPR036W,Ammonia,0.2,-0.42
EDC3,YEL015W,Ammonia,0.2,-0.01
VPS5,YOR069W,Ammonia,0.2,0.19
AMN1,YBR158W,Ammonia,0.2,0.21
SCW11,YGL028C,Ammonia,0.2,-0.03
DSE2,YHR143W,Ammonia,0.2,0.42
COX15,YER141W,Ammonia,0.2,0.04
SPE1,YKL184W,Ammonia,0.2,-0.28
MTF1,YMR228W,Ammonia,0.2,0.56
KSS1,YGR040W,Ammonia,0.2,-0.65
YAP7,YOL028C,Ammonia,0.2,-0.25
YVC1,YOR087W,Ammonia,0.2,-0.19
CDC40,YDR364C,Ammonia,0.2,0.1
RMD1,YDL001W,Ammonia,0.2,0.22
PCL6,YER059W,Ammonia,0.2,0.08
AI4,Q0065,Ammonia,0.2,0.28
GGC1,YDL198C,Ammonia,0.2,0.26
SUL1,YBR294W,Ammonia,0.2,-0.62
RAD57,YDR004W,Ammonia,0.2,0.22
PER1,YCR044C,Ammonia,0.2,0.06
YHC3,YJL059W,Ammonia,0.2,0.2
SGE1,YPR198W,Ammonia,0.2,0.09
HNM1,YGL077C,Ammonia,0.2,0.62
SWI1,YPL016W,Ammonia,0.2,0.09
NAM8,YHR086W,Ammonia,0.2,-0.04
BGL2,YGR282C,Ammonia,0.2,-0.42
ACT1,YFL039C,Ammonia,0.2,-0.59
SFL1,YOR140W,Ammonia,0.2,-0.5
OYE3,YPL171C,Ammonia,0.2,-2.38
MMP1,YLL061W,Ammonia,0.2,-1.18
MHT1,YLL062C,Ammonia,0.2,-1.69
SUL2,YLR092W,Ammonia,0.2,-1.12
IPP1,YBR011C,Ammonia,0.2,-0.59
CWP1,YKL096W,Ammonia,0.2,-2.4
LEU9,YOR108W,Ammonia,0.2,-1.24
LEU1,YGL009C,Ammonia,0.2,-1.02
LEU2,YCL018W,Ammonia,0.2,-0.68
LEU4,YNL104C,Ammonia,0.2,-0.81
ADH2,YMR303C,Ammonia,0.2,-2.46
SFB2,YNL049C,Ammonia,0.25,-0.14
QRI7,YDL104C,Ammonia,0.25,-0.46
CFT2,YLR115W,Ammonia,0.25,-0.43
SSO2,YMR183C,Ammonia,0.25,-0.14
PSP2,YML017W,Ammonia,0.25,-0.42
RIB2,YOL066C,Ammonia,0.25,-0.37
VMA13,YPR036W,Ammonia,0.25,0.18
EDC3,YEL015W,Ammonia,0.25,0.15
VPS5,YOR069W,Ammonia,0.25,0.2
AMN1,YBR158W,Ammonia,0.25,-0.04
SCW11,YGL028C,Ammonia,0.25,-0.72
DSE2,YHR143W,Ammonia,0.25,-0.5
COX15,YER141W,Ammonia,0.25,-0.21
SPE1,YKL184W,Ammonia,0.25,-0.13
MTF1,YMR228W,Ammonia,0.25,0.2
KSS1,YGR040W,Ammonia,0.25,0.01
YAP7,YOL028C,Ammonia,0.25,0.07
YVC1,YOR087W,Ammonia,0.25,-0.19
CDC40,YDR364C,Ammonia,0.25,0.14
RMD1,YDL001W,Ammonia,0.25,0.33
PCL6,YER059W,Ammonia,0.25,0.19
AI4,Q0065,Ammonia,0.25,0.53
GGC1,YDL198C,Ammonia,0.25,0.19
SUL1,YBR294W,Ammonia,0.25,-0.16
RAD57,YDR004W,Ammonia,0.25,0.1
PER1,YCR044C,Ammonia,0.25,-0.18
YHC3,YJL059W,Ammonia,0.25,0.19
SGE1,YPR198W,Ammonia,0.25,0.2
HNM1,YGL077C,Ammonia,0.25,0.41
SWI1,YPL016W,Ammonia,0.25,-0.06
NAM8,YHR086W,Ammonia,0.25,-0.08
BGL2,YGR282C,Ammonia,0.25,-0.42
ACT1,YFL039C,Ammonia,0.25,-0.49
SFL1,YOR140W,Ammonia,0.25,-0.86
OYE3,YPL171C,Ammonia,0.25,-2.42
MMP1,YLL061W,Ammonia,0.25,-0.65
MHT1,YLL062C,Ammonia,0.25,-0.83
SUL2,YLR092W,Ammonia,0.25,-0.99
IPP1,YBR011C,Ammonia,0.25,-0.53
CWP1,YKL096W,Ammonia,0.25,-2
LEU9,YOR108W,Ammonia,0.25,-0.68
LEU1,YGL009C,Ammonia,0.25,-0.54
LEU2,YCL018W,Ammonia,0.25,-0.68
LEU4,YNL104C,Ammonia,0.25,-0.77
ADH2,YMR303C,Ammonia,0.25,-2.4
SFB2,YNL049C,Ammonia,0.3,0.09
QRI7,YDL104C,Ammonia,0.3,-0.43
CFT2,YLR115W,Ammonia,0.3,-0.26
SSO2,YMR183C,Ammonia,0.3,-0.12
PSP2,YML017W,Ammonia,0.3,1.89
RIB2,YOL066C,Ammonia,0.3,-0.24
VMA13,YPR036W,Ammonia,0.3,0.13
EDC3,YEL015W,Ammonia,0.3,0.13
VPS5,YOR069W,Ammonia,0.3,0.06
AMN1,YBR158W,Ammonia,0.3,-0.05
SCW11,YGL028C,Ammonia,0.3,-0.33
DSE2,YHR143W,Ammonia,0.3,-0.39
COX15,YER141W,Ammonia,0.3,-0.2
SPE1,YKL184W,Ammonia,0.3,0.19
MTF1,YMR228W,Ammonia,0.3,0.01
KSS1,YGR040W,Ammonia,0.3,0.07
YAP7,YOL028C,Ammonia,0.3,-0.18
YVC1,YOR087W,Ammonia,0.3,0.2
CDC40,YDR364C,Ammonia,0.3,0.04
RMD1,YDL001W,Ammonia,0.3,0.03
PCL6,YER059W,Ammonia,0.3,0.09
AI4,Q0065,Ammonia,0.3,-0.15
GGC1,YDL198C,Ammonia,0.3,0.35
SUL1,YBR294W,Ammonia,0.3,0.03
RAD57,YDR004W,Ammonia,0.3,-0.1
PER1,YCR044C,Ammonia,0.3,-0.16
YHC3,YJL059W,Ammonia,0.3,0.02
SGE1,YPR198W,Ammonia,0.3,0.33
HNM1,YGL077C,Ammonia,0.3,0.31
SWI1,YPL016W,Ammonia,0.3,0.05
NAM8,YHR086W,Ammonia,0.3,0.07
BGL2,YGR282C,Ammonia,0.3,-0.53
ACT1,YFL039C,Ammonia,0.3,-0.37
SFL1,YOR140W,Ammonia,0.3,-0.71
OYE3,YPL171C,Ammonia,0.3,-2.51
MMP1,YLL061W,Ammonia,0.3,-0.36
MHT1,YLL062C,Ammonia,0.3,-0.37
SUL2,YLR092W,Ammonia,0.3,-0.35
IPP1,YBR011C,Ammonia,0.3,0.05
CWP1,YKL096W,Ammonia,0.3,-1.58
LEU9,YOR108W,Ammonia,0.3,0.14
LEU1,YGL009C,Ammonia,0.3,-0.22
LEU2,YCL018W,Ammonia,0.3,-0.32
LEU4,YNL104C,Ammonia,0.3,-0.49
ADH2,YMR303C,Ammonia,0.3,-2.15
SFB2,YNL049C,Phosphate,0.05,-0.26
QRI7,YDL104C,Phosphate,0.05,0.18
CFT2,YLR115W,Phosphate,0.05,0.05
SSO2,YMR183C,Phosphate,0.05,-0.16
PSP2,YML017W,Phosphate,0.05,-0.32
RIB2,YOL066C,Phosphate,0.05,-0.35
VMA13,YPR036W,Phosphate,0.05,-0.19
EDC3,YEL015W,Phosphate,0.05,-0.26
VPS5,YOR069W,Phosphate,0.05,-0.23
AMN1,YBR158W,Phosphate,0.05,-1.51
SCW11,YGL028C,Phosphate,0.05,-1.5
DSE2,YHR143W,Phosphate,0.05,-1.05
COX15,YER141W,Phosphate,0.05,-0.67
SPE1,YKL184W,Phosphate,0.05,-0.68
MTF1,YMR228W,Phosphate,0.05,-0.77
KSS1,YGR040W,Phosphate,0.05,-0.83
YAP7,YOL028C,Phosphate,0.05,-0.93
YVC1,YOR087W,Phosphate,0.05,-1.42
CDC40,YDR364C,Phosphate,0.05,-0.44
RMD1,YDL001W,Phosphate,0.05,-0.19
PCL6,YER059W,Phosphate,0.05,-0.24
AI4,Q0065,Phosphate,0.05,-0.37
GGC1,YDL198C,Phosphate,0.05,-1.99
SUL1,YBR294W,Phosphate,0.05,-6.5
RAD57,YDR004W,Phosphate,0.05,-0.88
PER1,YCR044C,Phosphate,0.05,-0.73
YHC3,YJL059W,Phosphate,0.05,-0.68
SGE1,YPR198W,Phosphate,0.05,-0.7
HNM1,YGL077C,Phosphate,0.05,-1.08
SWI1,YPL016W,Phosphate,0.05,-0.52
NAM8,YHR086W,Phosphate,0.05,-0.64
BGL2,YGR282C,Phosphate,0.05,-0.19
ACT1,YFL039C,Phosphate,0.05,-0.44
SFL1,YOR140W,Phosphate,0.05,-0.83
OYE3,YPL171C,Phosphate,0.05,-1.73
MMP1,YLL061W,Phosphate,0.05,-4.96
MHT1,YLL062C,Phosphate,0.05,-5.36
SUL2,YLR092W,Phosphate,0.05,-1.75
IPP1,YBR011C,Phosphate,0.05,-0.83
CWP1,YKL096W,Phosphate,0.05,-3.42
LEU9,YOR108W,Phosphate,0.05,-1.66
LEU1,YGL009C,Phosphate,0.05,-0.81
LEU2,YCL018W,Phosphate,0.05,-0.39
LEU4,YNL104C,Phosphate,0.05,-1.05
ADH2,YMR303C,Phosphate,0.05,-4.6
SFB2,YNL049C,Phosphate,0.1,-0.2
QRI7,YDL104C,Phosphate,0.1,0.22
CFT2,YLR115W,Phosphate,0.1,0.04
SSO2,YMR183C,Phosphate,0.1,0.18
PSP2,YML017W,Phosphate,0.1,-0.06
RIB2,YOL066C,Phosphate,0.1,-0.32
VMA13,YPR036W,Phosphate,0.1,-0.25
EDC3,YEL015W,Phosphate,0.1,-0.2
VPS5,YOR069W,Phosphate,0.1,-0.2
AMN1,YBR158W,Phosphate,0.1,-1.33
SCW11,YGL028C,Phosphate,0.1,-1.31
DSE2,YHR143W,Phosphate,0.1,-0.51
COX15,YER141W,Phosphate,0.1,-0.17
SPE1,YKL184W,Phosphate,0.1,-0.26
MTF1,YMR228W,Phosphate,0.1,-0.72
KSS1,YGR040W,Phosphate,0.1,-0.25
YAP7,YOL028C,Phosphate,0.1,-0.65
YVC1,YOR087W,Phosphate,0.1,-0.71
CDC40,YDR364C,Phosphate,0.1,-0.43
RMD1,YDL001W,Phosphate,0.1,-0.08
PCL6,YER059W,Phosphate,0.1,-0.34
AI4,Q0065,Phosphate,0.1,-0.62
GGC1,YDL198C,Phosphate,0.1,-1.76
SUL1,YBR294W,Phosphate,0.1,-6.34
RAD57,YDR004W,Phosphate,0.1,-0.71
PER1,YCR044C,Phosphate,0.1,-0.71
YHC3,YJL059W,Phosphate,0.1,-0.65
SGE1,YPR198W,Phosphate,0.1,-0.88
HNM1,YGL077C,Phosphate,0.1,-0.48
SWI1,YPL016W,Phosphate,0.1,-0.57
NAM8,YHR086W,Phosphate,0.1,-0.41
BGL2,YGR282C,Phosphate,0.1,-0.35
ACT1,YFL039C,Phosphate,0.1,-0.47
OYE3,YPL171C,Phosphate,0.1,-2.21
MMP1,YLL061W,Phosphate,0.1,-4.64
MHT1,YLL062C,Phosphate,0.1,-5.16
SUL2,YLR092W,Phosphate,0.1,-1.53
IPP1,YBR011C,Phosphate,0.1,-0.77
CWP1,YKL096W,Phosphate,0.1,-3.21
LEU9,YOR108W,Phosphate,0.1,-1.41
LEU1,YGL009C,Phosphate,0.1,-0.51
LEU2,YCL018W,Phosphate,0.1,-0.24
LEU4,YNL104C,Phosphate,0.1,-0.92
ADH2,YMR303C,Phosphate,0.1,-6.15
SFB2,YNL049C,Phosphate,0.15,-0.22
QRI7,YDL104C,Phosphate,0.15,0.33
CFT2,YLR115W,Phosphate,0.15,0.03
SSO2,YMR183C,Phosphate,0.15,0.21
PSP2,YML017W,Phosphate,0.15,-0.62
RIB2,YOL066C,Phosphate,0.15,-0.39
VMA13,YPR036W,Phosphate,0.15,-0.25
EDC3,YEL015W,Phosphate,0.15,-0.22
VPS5,YOR069W,Phosphate,0.15,-0.07
AMN1,YBR158W,Phosphate,0.15,-1.03
SCW11,YGL028C,Phosphate,0.15,-0.91
DSE2,YHR143W,Phosphate,0.15,-0.11
COX15,YER141W,Phosphate,0.15,-0.24
SPE1,YKL184W,Phosphate,0.15,-0.47
MTF1,YMR228W,Phosphate,0.15,-0.31
KSS1,YGR040W,Phosphate,0.15,-0.54
YAP7,YOL028C,Phosphate,0.15,-0.64
YVC1,YOR087W,Phosphate,0.15,-0.94
CDC40,YDR364C,Phosphate,0.15,-0.32
RMD1,YDL001W,Phosphate,0.15,-0.09
PCL6,YER059W,Phosphate,0.15,-0.4
AI4,Q0065,Phosphate,0.15,-0.66
GGC1,YDL198C,Phosphate,0.15,-1.49
SUL1,YBR294W,Phosphate,0.15,-5.13
RAD57,YDR004W,Phosphate,0.15,-0.78
PER1,YCR044C,Phosphate,0.15,-0.86
YHC3,YJL059W,Phosphate,0.15,-0.68
SGE1,YPR198W,Phosphate,0.15,-0.82
HNM1,YGL077C,Phosphate,0.15,-0.53
SWI1,YPL016W,Phosphate,0.15,-0.5
NAM8,YHR086W,Phosphate,0.15,-0.39
BGL2,YGR282C,Phosphate,0.15,-0.35
ACT1,YFL039C,Phosphate,0.15,-0.67
SFL1,YOR140W,Phosphate,0.15,-0.53
OYE3,YPL171C,Phosphate,0.15,-1.78
MMP1,YLL061W,Phosphate,0.15,-3.79
MHT1,YLL062C,Phosphate,0.15,-4.23
SUL2,YLR092W,Phosphate,0.15,-1.44
IPP1,YBR011C,Phosphate,0.15,-0.82
CWP1,YKL096W,Phosphate,0.15,-2.94
LEU9,YOR108W,Phosphate,0.15,-1.37
LEU1,YGL009C,Phosphate,0.15,-0.61
LEU2,YCL018W,Phosphate,0.15,-0.41
LEU4,YNL104C,Phosphate,0.15,-0.95
ADH2,YMR303C,Phosphate,0.15,-4.36
SFB2,YNL049C,Phosphate,0.2,-0.31
QRI7,YDL104C,Phosphate,0.2,0.34
CFT2,YLR115W,Phosphate,0.2,-0.04
SSO2,YMR183C,Phosphate,0.2,0.08
PSP2,YML017W,Phosphate,0.2,-0.5
RIB2,YOL066C,Phosphate,0.2,-0.6
VMA13,YPR036W,Phosphate,0.2,-0.47
EDC3,YEL015W,Phosphate,0.2,-0.17
VPS5,YOR069W,Phosphate,0.2,-0.13
AMN1,YBR158W,Phosphate,0.2,-0.8
SCW11,YGL028C,Phosphate,0.2,-0.79
DSE2,YHR143W,Phosphate,0.2,0.17
COX15,YER141W,Phosphate,0.2,-0.52
SPE1,YKL184W,Phosphate,0.2,-0.32
MTF1,YMR228W,Phosphate,0.2,-0.7
KSS1,YGR040W,Phosphate,0.2,-0.42
YAP7,YOL028C,Phosphate,0.2,-0.66
YVC1,YOR087W,Phosphate,0.2,-0.79
CDC40,YDR364C,Phosphate,0.2,-0.25
RMD1,YDL001W,Phosphate,0.2,-0.15
PCL6,YER059W,Phosphate,0.2,-0.44
AI4,Q0065,Phosphate,0.2,-0.38
GGC1,YDL198C,Phosphate,0.2,-1.65
SUL1,YBR294W,Phosphate,0.2,-4.39
RAD57,YDR004W,Phosphate,0.2,-0.61
PER1,YCR044C,Phosphate,0.2,-0.59
YHC3,YJL059W,Phosphate,0.2,-0.35
SGE1,YPR198W,Phosphate,0.2,-0.93
HNM1,YGL077C,Phosphate,0.2,-0.29
SWI1,YPL016W,Phosphate,0.2,-0.35
NAM8,YHR086W,Phosphate,0.2,-0.22
BGL2,YGR282C,Phosphate,0.2,-0.17
ACT1,YFL039C,Phosphate,0.2,-0.44
SFL1,YOR140W,Phosphate,0.2,-0.24
OYE3,YPL171C,Phosphate,0.2,-2.11
MMP1,YLL061W,Phosphate,0.2,-3.48
MHT1,YLL062C,Phosphate,0.2,-3.96
SUL2,YLR092W,Phosphate,0.2,-0.87
IPP1,YBR011C,Phosphate,0.2,-0.7
CWP1,YKL096W,Phosphate,0.2,-3.47
LEU9,YOR108W,Phosphate,0.2,-1.39
LEU1,YGL009C,Phosphate,0.2,-0.42
LEU2,YCL018W,Phosphate,0.2,-0.41
LEU4,YNL104C,Phosphate,0.2,-1.18
ADH2,YMR303C,Phosphate,0.2,-4.61
SFB2,YNL049C,Phosphate,0.25,0.04
QRI7,YDL104C,Phosphate,0.25,0.13
CFT2,YLR115W,Phosphate,0.25,0.08
SSO2,YMR183C,Phosphate,0.25,0.23
PSP2,YML017W,Phosphate,0.25,-0.37
RIB2,YOL066C,Phosphate,0.25,-0.29
VMA13,YPR036W,Phosphate,0.25,-0.24
EDC3,YEL015W,Phosphate,0.25,-0.23
VPS5,YOR069W,Phosphate,0.25,-0.14
AMN1,YBR158W,Phosphate,0.25,-0.42
SCW11,YGL028C,Phosphate,0.25,-0.72
DSE2,YHR143W,Phosphate,0.25,-0.15
COX15,YER141W,Phosphate,0.25,-0.03
SPE1,YKL184W,Phosphate,0.25,-0.04
MTF1,YMR228W,Phosphate,0.25,-0.26
KSS1,YGR040W,Phosphate,0.25,-0.06
YAP7,YOL028C,Phosphate,0.25,-0.33
YVC1,YOR087W,Phosphate,0.25,-0.18
CDC40,YDR364C,Phosphate,0.25,0.01
RMD1,YDL001W,Phosphate,0.25,-0.21
PCL6,YER059W,Phosphate,0.25,-0.31
AI4,Q0065,Phosphate,0.25,-0.69
GGC1,YDL198C,Phosphate,0.25,-1
SUL1,YBR294W,Phosphate,0.25,-2.14
RAD57,YDR004W,Phosphate,0.25,-0.46
PER1,YCR044C,Phosphate,0.25,-0.77
YHC3,YJL059W,Phosphate,0.25,-0.51
SGE1,YPR198W,Phosphate,0.25,-0.87
HNM1,YGL077C,Phosphate,0.25,-0.57
SWI1,YPL016W,Phosphate,0.25,-0.5
NAM8,YHR086W,Phosphate,0.25,0
BGL2,YGR282C,Phosphate,0.25,-0.29
ACT1,YFL039C,Phosphate,0.25,-0.3
OYE3,YPL171C,Phosphate,0.25,-1.73
MMP1,YLL061W,Phosphate,0.25,-2.39
MHT1,YLL062C,Phosphate,0.25,-2.62
SUL2,YLR092W,Phosphate,0.25,-0.41
IPP1,YBR011C,Phosphate,0.25,-0.27
CWP1,YKL096W,Phosphate,0.25,-3.29
LEU9,YOR108W,Phosphate,0.25,-0.49
LEU1,YGL009C,Phosphate,0.25,-0.18
LEU2,YCL018W,Phosphate,0.25,-0.18
LEU4,YNL104C,Phosphate,0.25,-0.9
ADH2,YMR303C,Phosphate,0.25,-5.89
SFB2,YNL049C,Phosphate,0.3,0.34
QRI7,YDL104C,Phosphate,0.3,0.44
CFT2,YLR115W,Phosphate,0.3,0.21
SSO2,YMR183C,Phosphate,0.3,-0.29
RIB2,YOL066C,Phosphate,0.3,-0.25
VMA13,YPR036W,Phosphate,0.3,-0.49
EDC3,YEL015W,Phosphate,0.3,-0.38
VPS5,YOR069W,Phosphate,0.3,-0.42
AMN1,YBR158W,Phosphate,0.3,-0.81
SCW11,YGL028C,Phosphate,0.3,-0.7
DSE2,YHR143W,Phosphate,0.3,-0.51
COX15,YER141W,Phosphate,0.3,-0.24
SPE1,YKL184W,Phosphate,0.3,-0.5
MTF1,YMR228W,Phosphate,0.3,-0.32
KSS1,YGR040W,Phosphate,0.3,-0.52
YAP7,YOL028C,Phosphate,0.3,-0.72
YVC1,YOR087W,Phosphate,0.3,-0.86
CDC40,YDR364C,Phosphate,0.3,-0.3
RMD1,YDL001W,Phosphate,0.3,-0.39
PCL6,YER059W,Phosphate,0.3,-0.65
AI4,Q0065,Phosphate,0.3,-0.61
GGC1,YDL198C,Phosphate,0.3,-0.66
SUL1,YBR294W,Phosphate,0.3,-0.57
RAD57,YDR004W,Phosphate,0.3,-0.62
PER1,YCR044C,Phosphate,0.3,-0.7
YHC3,YJL059W,Phosphate,0.3,-0.46
SGE1,YPR198W,Phosphate,0.3,-0.81
HNM1,YGL077C,Phosphate,0.3,-0.39
SWI1,YPL016W,Phosphate,0.3,-0.47
NAM8,YHR086W,Phosphate,0.3,-0.43
BGL2,YGR282C,Phosphate,0.3,-0.47
ACT1,YFL039C,Phosphate,0.3,-0.38
OYE3,YPL171C,Phosphate,0.3,-2.1
MMP1,YLL061W,Phosphate,0.3,-2.05
MHT1,YLL062C,Phosphate,0.3,-1.97
SUL2,YLR092W,Phosphate,0.3,0.08
IPP1,YBR011C,Phosphate,0.3,-0.3
CWP1,YKL096W,Phosphate,0.3,-2.63
LEU9,YOR108W,Phosphate,0.3,-0.41
LEU1,YGL009C,Phosphate,0.3,-0.07
LEU2,YCL018W,Phosphate,0.3,0.07
LEU4,YNL104C,Phosphate,0.3,-0.92
ADH2,YMR303C,Phosphate,0.3,-6.04
SFB2,YNL049C,Sulfate,0.05,-0.51
QRI7,YDL104C,Sulfate,0.05,1.29
CFT2,YLR115W,Sulfate,0.05,0.41
SSO2,YMR183C,Sulfate,0.05,-0.7
RIB2,YOL066C,Sulfate,0.05,-0.14
VMA13,YPR036W,Sulfate,0.05,0.09
EDC3,YEL015W,Sulfate,0.05,-0.35
VPS5,YOR069W,Sulfate,0.05,-0.38
AMN1,YBR158W,Sulfate,0.05,-0.08
SCW11,YGL028C,Sulfate,0.05,-0.06
DSE2,YHR143W,Sulfate,0.05,-0.15
COX15,YER141W,Sulfate,0.05,-0.36
SPE1,YKL184W,Sulfate,0.05,-0.63
MTF1,YMR228W,Sulfate,0.05,0.72
KSS1,YGR040W,Sulfate,0.05,0.24
YAP7,YOL028C,Sulfate,0.05,0.24
YVC1,YOR087W,Sulfate,0.05,0.22
CDC40,YDR364C,Sulfate,0.05,-0.07
RMD1,YDL001W,Sulfate,0.05,0.01
PCL6,YER059W,Sulfate,0.05,-0.1
AI4,Q0065,Sulfate,0.05,-0.07
GGC1,YDL198C,Sulfate,0.05,0.4
SUL1,YBR294W,Sulfate,0.05,2.4
RAD57,YDR004W,Sulfate,0.05,-0.29
PER1,YCR044C,Sulfate,0.05,-0.67
YHC3,YJL059W,Sulfate,0.05,-0.27
SGE1,YPR198W,Sulfate,0.05,-0.36
HNM1,YGL077C,Sulfate,0.05,-0.53
SWI1,YPL016W,Sulfate,0.05,-0.57
NAM8,YHR086W,Sulfate,0.05,-1.08
BGL2,YGR282C,Sulfate,0.05,-0.35
ACT1,YFL039C,Sulfate,0.05,-0.09
OYE3,YPL171C,Sulfate,0.05,1.37
MMP1,YLL061W,Sulfate,0.05,2.08
MHT1,YLL062C,Sulfate,0.05,1.5
SUL2,YLR092W,Sulfate,0.05,0.55
IPP1,YBR011C,Sulfate,0.05,0.44
CWP1,YKL096W,Sulfate,0.05,-0.98
LEU9,YOR108W,Sulfate,0.05,-1.91
LEU1,YGL009C,Sulfate,0.05,-1.57
LEU2,YCL018W,Sulfate,0.05,-0.86
LEU4,YNL104C,Sulfate,0.05,0.47
ADH2,YMR303C,Sulfate,0.05,-1.18
SFB2,YNL049C,Sulfate,0.1,-0.12
QRI7,YDL104C,Sulfate,0.1,-0.32
CFT2,YLR115W,Sulfate,0.1,-0.43
SSO2,YMR183C,Sulfate,0.1,0.05
PSP2,YML017W,Sulfate,0.1,-0.2
RIB2,YOL066C,Sulfate,0.1,-0.5
VMA13,YPR036W,Sulfate,0.1,0.13
EDC3,YEL015W,Sulfate,0.1,-0.14
VPS5,YOR069W,Sulfate,0.1,-0.14
AMN1,YBR158W,Sulfate,0.1,0.36
SCW11,YGL028C,Sulfate,0.1,0.53
DSE2,YHR143W,Sulfate,0.1,0.85
COX15,YER141W,Sulfate,0.1,0.48
SPE1,YKL184W,Sulfate,0.1,0.33
MTF1,YMR228W,Sulfate,0.1,-0.12
KSS1,YGR040W,Sulfate,0.1,-0.05
YAP7,YOL028C,Sulfate,0.1,0.08
YVC1,YOR087W,Sulfate,0.1,0.49
CDC40,YDR364C,Sulfate,0.1,-0.04
RMD1,YDL001W,Sulfate,0.1,0.21
PCL6,YER059W,Sulfate,0.1,0.03
AI4,Q0065,Sulfate,0.1,0.54
GGC1,YDL198C,Sulfate,0.1,0.31
SUL1,YBR294W,Sulfate,0.1,2.18
RAD57,YDR004W,Sulfate,0.1,-0.08
PER1,YCR044C,Sulfate,0.1,0.21
YHC3,YJL059W,Sulfate,0.1,0.09
SGE1,YPR198W,Sulfate,0.1,-0.17
HNM1,YGL077C,Sulfate,0.1,0.31
SWI1,YPL016W,Sulfate,0.1,-0.2
NAM8,YHR086W,Sulfate,0.1,-0.08
BGL2,YGR282C,Sulfate,0.1,0.52
ACT1,YFL039C,Sulfate,0.1,0
SFL1,YOR140W,Sulfate,0.1,0.32
OYE3,YPL171C,Sulfate,0.1,0.88
MMP1,YLL061W,Sulfate,0.1,2.16
MHT1,YLL062C,Sulfate,0.1,2.16
SUL2,YLR092W,Sulfate,0.1,1.28
IPP1,YBR011C,Sulfate,0.1,-0.2
CWP1,YKL096W,Sulfate,0.1,-0.51
LEU9,YOR108W,Sulfate,0.1,-1.82
LEU1,YGL009C,Sulfate,0.1,-1.55
LEU2,YCL018W,Sulfate,0.1,-1.24
LEU4,YNL104C,Sulfate,0.1,-0.06
ADH2,YMR303C,Sulfate,0.1,-1.76
SFB2,YNL049C,Sulfate,0.15,0.09
QRI7,YDL104C,Sulfate,0.15,-0.47
CFT2,YLR115W,Sulfate,0.15,-0.21
SSO2,YMR183C,Sulfate,0.15,0.1
PSP2,YML017W,Sulfate,0.15,-0.09
RIB2,YOL066C,Sulfate,0.15,-0.19
VMA13,YPR036W,Sulfate,0.15,0.15
EDC3,YEL015W,Sulfate,0.15,0.1
VPS5,YOR069W,Sulfate,0.15,0
AMN1,YBR158W,Sulfate,0.15,-0.18
SCW11,YGL028C,Sulfate,0.15,-0.38
DSE2,YHR143W,Sulfate,0.15,0.08
COX15,YER141W,Sulfate,0.15,0.22
SPE1,YKL184W,Sulfate,0.15,0.22
MTF1,YMR228W,Sulfate,0.15,-0.07
KSS1,YGR040W,Sulfate,0.15,-0.19
YAP7,YOL028C,Sulfate,0.15,0.22
YVC1,YOR087W,Sulfate,0.15,-0.14
CDC40,YDR364C,Sulfate,0.15,0.14
RMD1,YDL001W,Sulfate,0.15,-0.01
PCL6,YER059W,Sulfate,0.15,0.22
AI4,Q0065,Sulfate,0.15,0.69
GGC1,YDL198C,Sulfate,0.15,-0.23
SUL1,YBR294W,Sulfate,0.15,1.62
RAD57,YDR004W,Sulfate,0.15,0.2
PER1,YCR044C,Sulfate,0.15,0.12
YHC3,YJL059W,Sulfate,0.15,0.08
SGE1,YPR198W,Sulfate,0.15,-0.14
HNM1,YGL077C,Sulfate,0.15,-0.03
SWI1,YPL016W,Sulfate,0.15,-0.45
NAM8,YHR086W,Sulfate,0.15,-0.48
BGL2,YGR282C,Sulfate,0.15,-0.11
ACT1,YFL039C,Sulfate,0.15,-0.5
SFL1,YOR140W,Sulfate,0.15,-0.33
OYE3,YPL171C,Sulfate,0.15,1.15
MMP1,YLL061W,Sulfate,0.15,2.08
MHT1,YLL062C,Sulfate,0.15,2.18
SUL2,YLR092W,Sulfate,0.15,0.81
IPP1,YBR011C,Sulfate,0.15,0.14
CWP1,YKL096W,Sulfate,0.15,1.08
LEU9,YOR108W,Sulfate,0.15,-1.3
LEU1,YGL009C,Sulfate,0.15,-1.16
LEU2,YCL018W,Sulfate,0.15,-1.4
LEU4,YNL104C,Sulfate,0.15,-0.73
ADH2,YMR303C,Sulfate,0.15,-2.63
SFB2,YNL049C,Sulfate,0.2,0.09
QRI7,YDL104C,Sulfate,0.2,-0.5
CFT2,YLR115W,Sulfate,0.2,-0.33
SSO2,YMR183C,Sulfate,0.2,-0.07
PSP2,YML017W,Sulfate,0.2,0.06
RIB2,YOL066C,Sulfate,0.2,-0.13
VMA13,YPR036W,Sulfate,0.2,-0.02
EDC3,YEL015W,Sulfate,0.2,-0.04
VPS5,YOR069W,Sulfate,0.2,-0.06
AMN1,YBR158W,Sulfate,0.2,0
SCW11,YGL028C,Sulfate,0.2,0.2
DSE2,YHR143W,Sulfate,0.2,0.23
COX15,YER141W,Sulfate,0.2,0.5
SPE1,YKL184W,Sulfate,0.2,-0.1
MTF1,YMR228W,Sulfate,0.2,-0.18
KSS1,YGR040W,Sulfate,0.2,-0.18
YAP7,YOL028C,Sulfate,0.2,0.2
YVC1,YOR087W,Sulfate,0.2,-0.23
CDC40,YDR364C,Sulfate,0.2,-0.08
RMD1,YDL001W,Sulfate,0.2,0.09
PCL6,YER059W,Sulfate,0.2,0.17
AI4,Q0065,Sulfate,0.2,0.18
GGC1,YDL198C,Sulfate,0.2,-0.05
SUL1,YBR294W,Sulfate,0.2,1.52
RAD57,YDR004W,Sulfate,0.2,0.02
PER1,YCR044C,Sulfate,0.2,0.35
YHC3,YJL059W,Sulfate,0.2,0.28
SGE1,YPR198W,Sulfate,0.2,-0.05
HNM1,YGL077C,Sulfate,0.2,-0.03
SWI1,YPL016W,Sulfate,0.2,-0.27
NAM8,YHR086W,Sulfate,0.2,-0.04
BGL2,YGR282C,Sulfate,0.2,0.07
ACT1,YFL039C,Sulfate,0.2,-0.25
SFL1,YOR140W,Sulfate,0.2,0.37
OYE3,YPL171C,Sulfate,0.2,0.5
MMP1,YLL061W,Sulfate,0.2,1.54
MHT1,YLL062C,Sulfate,0.2,1.9
SUL2,YLR092W,Sulfate,0.2,0.88
IPP1,YBR011C,Sulfate,0.2,0.14
CWP1,YKL096W,Sulfate,0.2,0.92
LEU9,YOR108W,Sulfate,0.2,-1.01
LEU1,YGL009C,Sulfate,0.2,-1.1
LEU2,YCL018W,Sulfate,0.2,-0.87
LEU4,YNL104C,Sulfate,0.2,-0.3
ADH2,YMR303C,Sulfate,0.2,-2.05
SFB2,YNL049C,Sulfate,0.25,0.2
QRI7,YDL104C,Sulfate,0.25,-0.42
CFT2,YLR115W,Sulfate,0.25,-0.05
SSO2,YMR183C,Sulfate,0.25,-0.1
PSP2,YML017W,Sulfate,0.25,-0.19
RIB2,YOL066C,Sulfate,0.25,-0.01
VMA13,YPR036W,Sulfate,0.25,0.24
EDC3,YEL015W,Sulfate,0.25,0.22
VPS5,YOR069W,Sulfate,0.25,0.16
AMN1,YBR158W,Sulfate,0.25,-0.09
SCW11,YGL028C,Sulfate,0.25,0.06
DSE2,YHR143W,Sulfate,0.25,0
COX15,YER141W,Sulfate,0.25,0.29
SPE1,YKL184W,Sulfate,0.25,-0.12
MTF1,YMR228W,Sulfate,0.25,0.11
KSS1,YGR040W,Sulfate,0.25,-0.07
YAP7,YOL028C,Sulfate,0.25,0.09
YVC1,YOR087W,Sulfate,0.25,-0.15
CDC40,YDR364C,Sulfate,0.25,0.1
RMD1,YDL001W,Sulfate,0.25,0
PCL6,YER059W,Sulfate,0.25,0.17
AI4,Q0065,Sulfate,0.25,0.22
GGC1,YDL198C,Sulfate,0.25,-0.12
SUL1,YBR294W,Sulfate,0.25,1.43
RAD57,YDR004W,Sulfate,0.25,0.11
PER1,YCR044C,Sulfate,0.25,0.12
YHC3,YJL059W,Sulfate,0.25,0
SGE1,YPR198W,Sulfate,0.25,-0.32
HNM1,YGL077C,Sulfate,0.25,-0.16
SWI1,YPL016W,Sulfate,0.25,-0.35
NAM8,YHR086W,Sulfate,0.25,-0.22
BGL2,YGR282C,Sulfate,0.25,-0.2
ACT1,YFL039C,Sulfate,0.25,-0.53
SFL1,YOR140W,Sulfate,0.25,-0.35
OYE3,YPL171C,Sulfate,0.25,0.2
MMP1,YLL061W,Sulfate,0.25,1.29
MHT1,YLL062C,Sulfate,0.25,1.93
SUL2,YLR092W,Sulfate,0.25,0.72
IPP1,YBR011C,Sulfate,0.25,0.14
CWP1,YKL096W,Sulfate,0.25,0.77
LEU9,YOR108W,Sulfate,0.25,-0.86
LEU1,YGL009C,Sulfate,0.25,-0.86
LEU2,YCL018W,Sulfate,0.25,-0.81
LEU4,YNL104C,Sulfate,0.25,-0.6
ADH2,YMR303C,Sulfate,0.25,-2.48
SFB2,YNL049C,Sulfate,0.3,0.08
QRI7,YDL104C,Sulfate,0.3,-0.33
CFT2,YLR115W,Sulfate,0.3,-0.24
SSO2,YMR183C,Sulfate,0.3,-0.32
PSP2,YML017W,Sulfate,0.3,-0.14
RIB2,YOL066C,Sulfate,0.3,-0.04
VMA13,YPR036W,Sulfate,0.3,-0.08
EDC3,YEL015W,Sulfate,0.3,0.02
VPS5,YOR069W,Sulfate,0.3,-0.15
AMN1,YBR158W,Sulfate,0.3,0.02
SCW11,YGL028C,Sulfate,0.3,0.49
DSE2,YHR143W,Sulfate,0.3,0.37
COX15,YER141W,Sulfate,0.3,0.38
SPE1,YKL184W,Sulfate,0.3,-0.28
MTF1,YMR228W,Sulfate,0.3,-0.22
KSS1,YGR040W,Sulfate,0.3,-0.19
YAP7,YOL028C,Sulfate,0.3,-0.21
YVC1,YOR087W,Sulfate,0.3,0.08
CDC40,YDR364C,Sulfate,0.3,0.02
RMD1,YDL001W,Sulfate,0.3,0.04
PCL6,YER059W,Sulfate,0.3,0.08
AI4,Q0065,Sulfate,0.3,-0.23
GGC1,YDL198C,Sulfate,0.3,-0.02
SUL1,YBR294W,Sulfate,0.3,1.25
RAD57,YDR004W,Sulfate,0.3,0
PER1,YCR044C,Sulfate,0.3,0.46
YHC3,YJL059W,Sulfate,0.3,0.41
SGE1,YPR198W,Sulfate,0.3,0.22
HNM1,YGL077C,Sulfate,0.3,-0.04
SWI1,YPL016W,Sulfate,0.3,-0.13
NAM8,YHR086W,Sulfate,0.3,0.22
BGL2,YGR282C,Sulfate,0.3,0.13
ACT1,YFL039C,Sulfate,0.3,-0.18
SFL1,YOR140W,Sulfate,0.3,-0.18
OYE3,YPL171C,Sulfate,0.3,-0.4
MMP1,YLL061W,Sulfate,0.3,0.91
MHT1,YLL062C,Sulfate,0.3,1.39
SUL2,YLR092W,Sulfate,0.3,0.79
IPP1,YBR011C,Sulfate,0.3,0.02
CWP1,YKL096W,Sulfate,0.3,0.83
LEU9,YOR108W,Sulfate,0.3,-0.53
LEU1,YGL009C,Sulfate,0.3,-0.76
LEU2,YCL018W,Sulfate,0.3,-0.57
LEU4,YNL104C,Sulfate,0.3,-0.25
ADH2,YMR303C,Sulfate,0.3,-1.59
SFB2,YNL049C,Leucine,0.05,0.18
QRI7,YDL104C,Leucine,0.05,-0.3
CFT2,YLR115W,Leucine,0.05,-0.27
SSO2,YMR183C,Leucine,0.05,-0.59
PSP2,YML017W,Leucine,0.05,-0.17
RIB2,YOL066C,Leucine,0.05,-0.02
VMA13,YPR036W,Leucine,0.05,-0.11
EDC3,YEL015W,Leucine,0.05,0.12
VPS5,YOR069W,Leucine,0.05,-0.2
AMN1,YBR158W,Leucine,0.05,-1.09
SCW11,YGL028C,Leucine,0.05,-1.03
DSE2,YHR143W,Leucine,0.05,-0.77
COX15,YER141W,Leucine,0.05,-1.02
SPE1,YKL184W,Leucine,0.05,-0.11
MTF1,YMR228W,Leucine,0.05,-0.82
KSS1,YGR040W,Leucine,0.05,-0.6
YAP7,YOL028C,Leucine,0.05,-0.41
YVC1,YOR087W,Leucine,0.05,-1.51
CDC40,YDR364C,Leucine,0.05,-0.3
RMD1,YDL001W,Leucine,0.05,-0.47
PCL6,YER059W,Leucine,0.05,-0.61
AI4,Q0065,Leucine,0.05,-0.58
GGC1,YDL198C,Leucine,0.05,-0.15
SUL1,YBR294W,Leucine,0.05,-1.83
RAD57,YDR004W,Leucine,0.05,-0.39
PER1,YCR044C,Leucine,0.05,-0.71
YHC3,YJL059W,Leucine,0.05,-0.46
SGE1,YPR198W,Leucine,0.05,-0.66
HNM1,YGL077C,Leucine,0.05,-0.36
SWI1,YPL016W,Leucine,0.05,-0.15
NAM8,YHR086W,Leucine,0.05,-0.6
BGL2,YGR282C,Leucine,0.05,-0.27
ACT1,YFL039C,Leucine,0.05,-0.24
SFL1,YOR140W,Leucine,0.05,-0.98
OYE3,YPL171C,Leucine,0.05,-0.87
MMP1,YLL061W,Leucine,0.05,-0.53
MHT1,YLL062C,Leucine,0.05,-1.83
SUL2,YLR092W,Leucine,0.05,-0.18
IPP1,YBR011C,Leucine,0.05,-0.76
CWP1,YKL096W,Leucine,0.05,-2.74
LEU9,YOR108W,Leucine,0.05,0.44
LEU1,YGL009C,Leucine,0.05,3.84
LEU2,YCL018W,Leucine,0.05,1.54
LEU4,YNL104C,Leucine,0.05,1.94
ADH2,YMR303C,Leucine,0.05,4.15
SFB2,YNL049C,Leucine,0.1,0.18
QRI7,YDL104C,Leucine,0.1,0.02
CFT2,YLR115W,Leucine,0.1,-0.28
SSO2,YMR183C,Leucine,0.1,-0.13
PSP2,YML017W,Leucine,0.1,-0.07
RIB2,YOL066C,Leucine,0.1,-0.05
VMA13,YPR036W,Leucine,0.1,-0.01
EDC3,YEL015W,Leucine,0.1,-0.01
VPS5,YOR069W,Leucine,0.1,-0.18
AMN1,YBR158W,Leucine,0.1,-0.09
SCW11,YGL028C,Leucine,0.1,-0.42
DSE2,YHR143W,Leucine,0.1,-0.2
COX15,YER141W,Leucine,0.1,-0.47
SPE1,YKL184W,Leucine,0.1,0.31
MTF1,YMR228W,Leucine,0.1,-0.29
KSS1,YGR040W,Leucine,0.1,-0.16
YAP7,YOL028C,Leucine,0.1,-0.02
YVC1,YOR087W,Leucine,0.1,-0.32
CDC40,YDR364C,Leucine,0.1,-0.08
RMD1,YDL001W,Leucine,0.1,-0.2
PCL6,YER059W,Leucine,0.1,-0.29
AI4,Q0065,Leucine,0.1,-0.01
GGC1,YDL198C,Leucine,0.1,0.1
SUL1,YBR294W,Leucine,0.1,-1.42
RAD57,YDR004W,Leucine,0.1,-0.15
PER1,YCR044C,Leucine,0.1,-0.01
YHC3,YJL059W,Leucine,0.1,-0.14
SGE1,YPR198W,Leucine,0.1,-0.37
HNM1,YGL077C,Leucine,0.1,-0.43
SWI1,YPL016W,Leucine,0.1,-0.14
NAM8,YHR086W,Leucine,0.1,-0.14
BGL2,YGR282C,Leucine,0.1,0.01
ACT1,YFL039C,Leucine,0.1,-0.15
SFL1,YOR140W,Leucine,0.1,-0.11
OYE3,YPL171C,Leucine,0.1,-0.8
MMP1,YLL061W,Leucine,0.1,0.26
MHT1,YLL062C,Leucine,0.1,-1.34
SUL2,YLR092W,Leucine,0.1,-0.26
IPP1,YBR011C,Leucine,0.1,-0.68
CWP1,YKL096W,Leucine,0.1,-2.1
LEU9,YOR108W,Leucine,0.1,0.57
LEU1,YGL009C,Leucine,0.1,3.36
LEU2,YCL018W,Leucine,0.1,1.23
LEU4,YNL104C,Leucine,0.1,1.71
ADH2,YMR303C,Leucine,0.1,2.61
SFB2,YNL049C,Leucine,0.15,0.13
QRI7,YDL104C,Leucine,0.15,-0.07
CFT2,YLR115W,Leucine,0.15,-0.05
SSO2,YMR183C,Leucine,0.15,0
PSP2,YML017W,Leucine,0.15,0.25
RIB2,YOL066C,Leucine,0.15,0.27
VMA13,YPR036W,Leucine,0.15,0.15
EDC3,YEL015W,Leucine,0.15,0.17
VPS5,YOR069W,Leucine,0.15,0.11
AMN1,YBR158W,Leucine,0.15,-0.35
SCW11,YGL028C,Leucine,0.15,-0.11
DSE2,YHR143W,Leucine,0.15,-0.39
COX15,YER141W,Leucine,0.15,-0.18
SPE1,YKL184W,Leucine,0.15,0.04
MTF1,YMR228W,Leucine,0.15,-0.07
KSS1,YGR040W,Leucine,0.15,0.15
YAP7,YOL028C,Leucine,0.15,-0.16
YVC1,YOR087W,Leucine,0.15,-0.1
CDC40,YDR364C,Leucine,0.15,-0.38
RMD1,YDL001W,Leucine,0.15,-0.21
PCL6,YER059W,Leucine,0.15,0.12
AI4,Q0065,Leucine,0.15,0.49
GGC1,YDL198C,Leucine,0.15,-0.15
SUL1,YBR294W,Leucine,0.15,-0.56
RAD57,YDR004W,Leucine,0.15,-0.33
PER1,YCR044C,Leucine,0.15,-0.24
YHC3,YJL059W,Leucine,0.15,-0.22
SGE1,YPR198W,Leucine,0.15,-0.9
HNM1,YGL077C,Leucine,0.15,-0.46
SWI1,YPL016W,Leucine,0.15,0.11
NAM8,YHR086W,Leucine,0.15,-0.11
BGL2,YGR282C,Leucine,0.15,-0.21
ACT1,YFL039C,Leucine,0.15,-0.21
SFL1,YOR140W,Leucine,0.15,0.04
OYE3,YPL171C,Leucine,0.15,-0.92
MMP1,YLL061W,Leucine,0.15,0.52
MHT1,YLL062C,Leucine,0.15,-0.83
SUL2,YLR092W,Leucine,0.15,-0.16
IPP1,YBR011C,Leucine,0.15,-0.45
CWP1,YKL096W,Leucine,0.15,-2.97
LEU9,YOR108W,Leucine,0.15,0.46
LEU1,YGL009C,Leucine,0.15,3.24
LEU2,YCL018W,Leucine,0.15,0.69
LEU4,YNL104C,Leucine,0.15,1.06
ADH2,YMR303C,Leucine,0.15,1.89
SFB2,YNL049C,Leucine,0.2,0.2
QRI7,YDL104C,Leucine,0.2,-0.05
CFT2,YLR115W,Leucine,0.2,0.02
SSO2,YMR183C,Leucine,0.2,-0.11
PSP2,YML017W,Leucine,0.2,-0.21
RIB2,YOL066C,Leucine,0.2,0.24
VMA13,YPR036W,Leucine,0.2,0.15
EDC3,YEL015W,Leucine,0.2,0.07
VPS5,YOR069W,Leucine,0.2,0
AMN1,YBR158W,Leucine,0.2,-0.27
SCW11,YGL028C,Leucine,0.2,0.01
DSE2,YHR143W,Leucine,0.2,-0.42
COX15,YER141W,Leucine,0.2,-0.02
SPE1,YKL184W,Leucine,0.2,-0.07
MTF1,YMR228W,Leucine,0.2,-0.14
KSS1,YGR040W,Leucine,0.2,0.06
YAP7,YOL028C,Leucine,0.2,-0.13
YVC1,YOR087W,Leucine,0.2,-0.15
CDC40,YDR364C,Leucine,0.2,-0.19
RMD1,YDL001W,Leucine,0.2,-0.16
PCL6,YER059W,Leucine,0.2,0.02
AI4,Q0065,Leucine,0.2,0.22
GGC1,YDL198C,Leucine,0.2,-0.08
SUL1,YBR294W,Leucine,0.2,-0.77
RAD57,YDR004W,Leucine,0.2,-0.14
PER1,YCR044C,Leucine,0.2,0.11
YHC3,YJL059W,Leucine,0.2,0.04
SGE1,YPR198W,Leucine,0.2,-0.21
HNM1,YGL077C,Leucine,0.2,-0.54
SWI1,YPL016W,Leucine,0.2,0
NAM8,YHR086W,Leucine,0.2,-0.21
BGL2,YGR282C,Leucine,0.2,-0.15
ACT1,YFL039C,Leucine,0.2,-0.18
SFL1,YOR140W,Leucine,0.2,0.15
OYE3,YPL171C,Leucine,0.2,-1.27
MMP1,YLL061W,Leucine,0.2,-0.03
MHT1,YLL062C,Leucine,0.2,-0.79
SUL2,YLR092W,Leucine,0.2,-0.31
IPP1,YBR011C,Leucine,0.2,-0.43
CWP1,YKL096W,Leucine,0.2,-1.81
LEU9,YOR108W,Leucine,0.2,0.46
LEU1,YGL009C,Leucine,0.2,2.84
LEU2,YCL018W,Leucine,0.2,0.39
LEU4,YNL104C,Leucine,0.2,0.85
ADH2,YMR303C,Leucine,0.2,1.9
SFB2,YNL049C,Leucine,0.25,0.17
QRI7,YDL104C,Leucine,0.25,-0.13
CFT2,YLR115W,Leucine,0.25,0
SSO2,YMR183C,Leucine,0.25,0.04
PSP2,YML017W,Leucine,0.25,0.12
RIB2,YOL066C,Leucine,0.25,0.05
VMA13,YPR036W,Leucine,0.25,0
EDC3,YEL015W,Leucine,0.25,0.1
VPS5,YOR069W,Leucine,0.25,0.02
AMN1,YBR158W,Leucine,0.25,-0.07
SCW11,YGL028C,Leucine,0.25,-0.27
DSE2,YHR143W,Leucine,0.25,-0.48
COX15,YER141W,Leucine,0.25,0.15
SPE1,YKL184W,Leucine,0.25,0.06
MTF1,YMR228W,Leucine,0.25,-0.03
KSS1,YGR040W,Leucine,0.25,0.2
YAP7,YOL028C,Leucine,0.25,-0.13
YVC1,YOR087W,Leucine,0.25,0.03
CDC40,YDR364C,Leucine,0.25,-0.01
RMD1,YDL001W,Leucine,0.25,-0.1
PCL6,YER059W,Leucine,0.25,0.04
AI4,Q0065,Leucine,0.25,-0.09
GGC1,YDL198C,Leucine,0.25,-0.72
SUL1,YBR294W,Leucine,0.25,-0.95
RAD57,YDR004W,Leucine,0.25,-0.27
PER1,YCR044C,Leucine,0.25,0.08
YHC3,YJL059W,Leucine,0.25,0.07
SGE1,YPR198W,Leucine,0.25,0.26
HNM1,YGL077C,Leucine,0.25,-0.45
SWI1,YPL016W,Leucine,0.25,-0.06
NAM8,YHR086W,Leucine,0.25,-0.17
BGL2,YGR282C,Leucine,0.25,-0.12
ACT1,YFL039C,Leucine,0.25,-0.16
SFL1,YOR140W,Leucine,0.25,-0.19
OYE3,YPL171C,Leucine,0.25,-1.31
MMP1,YLL061W,Leucine,0.25,0.16
MHT1,YLL062C,Leucine,0.25,-0.11
SUL2,YLR092W,Leucine,0.25,-0.33
IPP1,YBR011C,Leucine,0.25,-0.29
CWP1,YKL096W,Leucine,0.25,0.49
LEU9,YOR108W,Leucine,0.25,0.36
LEU1,YGL009C,Leucine,0.25,2.04
LEU2,YCL018W,Leucine,0.25,-0.59
LEU4,YNL104C,Leucine,0.25,0.17
ADH2,YMR303C,Leucine,0.25,1.6
SFB2,YNL049C,Leucine,0.3,0.11
QRI7,YDL104C,Leucine,0.3,-0.04
CFT2,YLR115W,Leucine,0.3,0.08
SSO2,YMR183C,Leucine,0.3,0.01
PSP2,YML017W,Leucine,0.3,-0.11
RIB2,YOL066C,Leucine,0.3,0.19
VMA13,YPR036W,Leucine,0.3,0.03
EDC3,YEL015W,Leucine,0.3,0.11
VPS5,YOR069W,Leucine,0.3,0.09
AMN1,YBR158W,Leucine,0.3,-0.11
SCW11,YGL028C,Leucine,0.3,-0.51
DSE2,YHR143W,Leucine,0.3,-0.65
COX15,YER141W,Leucine,0.3,-0.18
SPE1,YKL184W,Leucine,0.3,-0.2
MTF1,YMR228W,Leucine,0.3,-0.04
KSS1,YGR040W,Leucine,0.3,-0.11
YAP7,YOL028C,Leucine,0.3,-0.03
YVC1,YOR087W,Leucine,0.3,0.09
CDC40,YDR364C,Leucine,0.3,0.01
RMD1,YDL001W,Leucine,0.3,-0.03
PCL6,YER059W,Leucine,0.3,0.13
AI4,Q0065,Leucine,0.3,-0.8
GGC1,YDL198C,Leucine,0.3,-1.25
SUL1,YBR294W,Leucine,0.3,-1.32
RAD57,YDR004W,Leucine,0.3,-0.2
PER1,YCR044C,Leucine,0.3,-0.02
YHC3,YJL059W,Leucine,0.3,-0.14
SGE1,YPR198W,Leucine,0.3,0.04
HNM1,YGL077C,Leucine,0.3,-0.5
SWI1,YPL016W,Leucine,0.3,-0.08
NAM8,YHR086W,Leucine,0.3,-0.27
BGL2,YGR282C,Leucine,0.3,-0.47
ACT1,YFL039C,Leucine,0.3,-0.74
SFL1,YOR140W,Leucine,0.3,-0.11
OYE3,YPL171C,Leucine,0.3,-1.58
MMP1,YLL061W,Leucine,0.3,-0.44
MHT1,YLL062C,Leucine,0.3,-0.08
SUL2,YLR092W,Leucine,0.3,-0.55
IPP1,YBR011C,Leucine,0.3,-0.03
CWP1,YKL096W,Leucine,0.3,0.85
LEU9,YOR108W,Leucine,0.3,0.06
LEU1,YGL009C,Leucine,0.3,0.87
LEU2,YCL018W,Leucine,0.3,-1.55
LEU4,YNL104C,Leucine,0.3,-0.93
ADH2,YMR303C,Leucine,0.3,1.56
SFB2,YNL049C,Uracil,0.05,-0.06
QRI7,YDL104C,Uracil,0.05,-0.91
CFT2,YLR115W,Uracil,0.05,-0.53
SSO2,YMR183C,Uracil,0.05,-0.45
RIB2,YOL066C,Uracil,0.05,0.07
VMA13,YPR036W,Uracil,0.05,-0.4
EDC3,YEL015W,Uracil,0.05,0.01
VPS5,YOR069W,Uracil,0.05,-0.26
AMN1,YBR158W,Uracil,0.05,-1.15
SCW11,YGL028C,Uracil,0.05,-1.48
DSE2,YHR143W,Uracil,0.05,-1.24
COX15,YER141W,Uracil,0.05,-1.91
SPE1,YKL184W,Uracil,0.05,-1.53
MTF1,YMR228W,Uracil,0.05,-0.62
KSS1,YGR040W,Uracil,0.05,-0.8
YAP7,YOL028C,Uracil,0.05,-1.09
CDC40,YDR364C,Uracil,0.05,-1.07
RMD1,YDL001W,Uracil,0.05,-0.76
PCL6,YER059W,Uracil,0.05,-1.1
AI4,Q0065,Uracil,0.05,-1.59
GGC1,YDL198C,Uracil,0.05,-2.31
SUL1,YBR294W,Uracil,0.05,-5.55
RAD57,YDR004W,Uracil,0.05,-1.01
PER1,YCR044C,Uracil,0.05,-0.53
YHC3,YJL059W,Uracil,0.05,-0.79
SGE1,YPR198W,Uracil,0.05,-1.48
HNM1,YGL077C,Uracil,0.05,-1
SWI1,YPL016W,Uracil,0.05,-0.68
NAM8,YHR086W,Uracil,0.05,-1.27
BGL2,YGR282C,Uracil,0.05,-0.96
ACT1,YFL039C,Uracil,0.05,-1.42
OYE3,YPL171C,Uracil,0.05,-0.17
MMP1,YLL061W,Uracil,0.05,0.7
MHT1,YLL062C,Uracil,0.05,-1
SUL2,YLR092W,Uracil,0.05,-0.52
IPP1,YBR011C,Uracil,0.05,-0.8
CWP1,YKL096W,Uracil,0.05,-2.38
LEU9,YOR108W,Uracil,0.05,-2.59
LEU1,YGL009C,Uracil,0.05,-2.07
LEU2,YCL018W,Uracil,0.05,0.35
LEU4,YNL104C,Uracil,0.05,-1.43
ADH2,YMR303C,Uracil,0.05,0.63
SFB2,YNL049C,Uracil,0.1,-0.26
QRI7,YDL104C,Uracil,0.1,-0.94
CFT2,YLR115W,Uracil,0.1,-0.51
SSO2,YMR183C,Uracil,0.1,-0.09
PSP2,YML017W,Uracil,0.1,-0.65
RIB2,YOL066C,Uracil,0.1,-0.31
VMA13,YPR036W,Uracil,0.1,-0.02
EDC3,YEL015W,Uracil,0.1,-0.16
VPS5,YOR069W,Uracil,0.1,-0.13
AMN1,YBR158W,Uracil,0.1,0.41
SCW11,YGL028C,Uracil,0.1,-0.43
DSE2,YHR143W,Uracil,0.1,0.41
COX15,YER141W,Uracil,0.1,-0.31
SPE1,YKL184W,Uracil,0.1,-0.43
MTF1,YMR228W,Uracil,0.1,-0.53
KSS1,YGR040W,Uracil,0.1,-0.18
YAP7,YOL028C,Uracil,0.1,-0.26
YVC1,YOR087W,Uracil,0.1,-0.39
CDC40,YDR364C,Uracil,0.1,-0.01
RMD1,YDL001W,Uracil,0.1,-0.03
PCL6,YER059W,Uracil,0.1,-0.19
AI4,Q0065,Uracil,0.1,-1.24
GGC1,YDL198C,Uracil,0.1,-1.7
SUL1,YBR294W,Uracil,0.1,-4.59
RAD57,YDR004W,Uracil,0.1,-0.36
PER1,YCR044C,Uracil,0.1,-0.15
YHC3,YJL059W,Uracil,0.1,-0.28
SGE1,YPR198W,Uracil,0.1,-0.67
HNM1,YGL077C,Uracil,0.1,-0.18
SWI1,YPL016W,Uracil,0.1,-0.08
NAM8,YHR086W,Uracil,0.1,0.01
BGL2,YGR282C,Uracil,0.1,0.2
ACT1,YFL039C,Uracil,0.1,-0.5
SFL1,YOR140W,Uracil,0.1,-0.06
OYE3,YPL171C,Uracil,0.1,-0.96
MMP1,YLL061W,Uracil,0.1,0.16
MHT1,YLL062C,Uracil,0.1,-1.39
SUL2,YLR092W,Uracil,0.1,-0.46
IPP1,YBR011C,Uracil,0.1,0.03
CWP1,YKL096W,Uracil,0.1,-1.92
LEU9,YOR108W,Uracil,0.1,-1.55
LEU1,YGL009C,Uracil,0.1,-1.09
LEU2,YCL018W,Uracil,0.1,0.14
LEU4,YNL104C,Uracil,0.1,-0.6
ADH2,YMR303C,Uracil,0.1,-0.87
SFB2,YNL049C,Uracil,0.15,-0.05
QRI7,YDL104C,Uracil,0.15,-0.42
CFT2,YLR115W,Uracil,0.15,-0.26
SSO2,YMR183C,Uracil,0.15,-0.13
PSP2,YML017W,Uracil,0.15,0.09
RIB2,YOL066C,Uracil,0.15,-0.08
VMA13,YPR036W,Uracil,0.15,0.26
EDC3,YEL015W,Uracil,0.15,0.07
VPS5,YOR069W,Uracil,0.15,-0.1
AMN1,YBR158W,Uracil,0.15,0.28
SCW11,YGL028C,Uracil,0.15,-0.27
DSE2,YHR143W,Uracil,0.15,0.18
COX15,YER141W,Uracil,0.15,0.09
SPE1,YKL184W,Uracil,0.15,-0.46
MTF1,YMR228W,Uracil,0.15,-0.3
KSS1,YGR040W,Uracil,0.15,-0.05
YAP7,YOL028C,Uracil,0.15,0.02
YVC1,YOR087W,Uracil,0.15,-0.3
CDC40,YDR364C,Uracil,0.15,0.05
RMD1,YDL001W,Uracil,0.15,-0.13
PCL6,YER059W,Uracil,0.15,-0.12
AI4,Q0065,Uracil,0.15,-0.65
GGC1,YDL198C,Uracil,0.15,-1.37
SUL1,YBR294W,Uracil,0.15,-3.34
RAD57,YDR004W,Uracil,0.15,-0.35
PER1,YCR044C,Uracil,0.15,-0.03
YHC3,YJL059W,Uracil,0.15,-0.29
SGE1,YPR198W,Uracil,0.15,-0.68
HNM1,YGL077C,Uracil,0.15,-0.47
SWI1,YPL016W,Uracil,0.15,-0.23
NAM8,YHR086W,Uracil,0.15,-0.03
BGL2,YGR282C,Uracil,0.15,-0.19
ACT1,YFL039C,Uracil,0.15,-0.36
SFL1,YOR140W,Uracil,0.15,0.01
OYE3,YPL171C,Uracil,0.15,-0.88
MMP1,YLL061W,Uracil,0.15,-0.9
MHT1,YLL062C,Uracil,0.15,-0.6
SUL2,YLR092W,Uracil,0.15,-0.73
IPP1,YBR011C,Uracil,0.15,-0.25
CWP1,YKL096W,Uracil,0.15,-1.25
LEU9,YOR108W,Uracil,0.15,-0.78
LEU1,YGL009C,Uracil,0.15,-0.52
LEU2,YCL018W,Uracil,0.15,0.06
LEU4,YNL104C,Uracil,0.15,-0.57
ADH2,YMR303C,Uracil,0.15,-1.32
SFB2,YNL049C,Uracil,0.2,-0.28
QRI7,YDL104C,Uracil,0.2,-0.36
CFT2,YLR115W,Uracil,0.2,0.05
SSO2,YMR183C,Uracil,0.2,0.02
PSP2,YML017W,Uracil,0.2,0.06
RIB2,YOL066C,Uracil,0.2,0.12
VMA13,YPR036W,Uracil,0.2,0.31
EDC3,YEL015W,Uracil,0.2,0.2
VPS5,YOR069W,Uracil,0.2,0.07
AMN1,YBR158W,Uracil,0.2,0
SCW11,YGL028C,Uracil,0.2,-0.32
DSE2,YHR143W,Uracil,0.2,0.09
COX15,YER141W,Uracil,0.2,-0.24
SPE1,YKL184W,Uracil,0.2,-0.73
MTF1,YMR228W,Uracil,0.2,-0.17
KSS1,YGR040W,Uracil,0.2,-0.26
YAP7,YOL028C,Uracil,0.2,-0.09
YVC1,YOR087W,Uracil,0.2,-0.28
CDC40,YDR364C,Uracil,0.2,-0.1
RMD1,YDL001W,Uracil,0.2,-0.2
PCL6,YER059W,Uracil,0.2,0.08
AI4,Q0065,Uracil,0.2,-0.62
GGC1,YDL198C,Uracil,0.2,-1.24
SUL1,YBR294W,Uracil,0.2,-1.98
RAD57,YDR004W,Uracil,0.2,-0.13
PER1,YCR044C,Uracil,0.2,-0.13
YHC3,YJL059W,Uracil,0.2,-0.33
SGE1,YPR198W,Uracil,0.2,-0.33
HNM1,YGL077C,Uracil,0.2,-0.33
SWI1,YPL016W,Uracil,0.2,-0.34
NAM8,YHR086W,Uracil,0.2,-0.26
BGL2,YGR282C,Uracil,0.2,-0.38
ACT1,YFL039C,Uracil,0.2,-0.78
SFL1,YOR140W,Uracil,0.2,-0.12
OYE3,YPL171C,Uracil,0.2,-1.86
MMP1,YLL061W,Uracil,0.2,-0.67
MHT1,YLL062C,Uracil,0.2,-0.57
SUL2,YLR092W,Uracil,0.2,-0.76
IPP1,YBR011C,Uracil,0.2,-0.25
CWP1,YKL096W,Uracil,0.2,-0.16
LEU9,YOR108W,Uracil,0.2,-0.69
LEU1,YGL009C,Uracil,0.2,-0.29
LEU2,YCL018W,Uracil,0.2,0.02
LEU4,YNL104C,Uracil,0.2,-0.81
ADH2,YMR303C,Uracil,0.2,-1.17
SFB2,YNL049C,Uracil,0.25,-0.19
QRI7,YDL104C,Uracil,0.25,-0.49
CFT2,YLR115W,Uracil,0.25,-0.14
SSO2,YMR183C,Uracil,0.25,-0.09
PSP2,YML017W,Uracil,0.25,-0.07
RIB2,YOL066C,Uracil,0.25,0.05
VMA13,YPR036W,Uracil,0.25,0.14
EDC3,YEL015W,Uracil,0.25,0.02
VPS5,YOR069W,Uracil,0.25,-0.04
AMN1,YBR158W,Uracil,0.25,0.17
SCW11,YGL028C,Uracil,0.25,-0.24
DSE2,YHR143W,Uracil,0.25,0.13
COX15,YER141W,Uracil,0.25,-0.03
SPE1,YKL184W,Uracil,0.25,-0.48
MTF1,YMR228W,Uracil,0.25,-0.44
KSS1,YGR040W,Uracil,0.25,-0.58
YAP7,YOL028C,Uracil,0.25,-0.43
YVC1,YOR087W,Uracil,0.25,-0.01
CDC40,YDR364C,Uracil,0.25,-0.04
RMD1,YDL001W,Uracil,0.25,-0.13
PCL6,YER059W,Uracil,0.25,0
AI4,Q0065,Uracil,0.25,-0.61
GGC1,YDL198C,Uracil,0.25,-0.73
SUL1,YBR294W,Uracil,0.25,-3.09
RAD57,YDR004W,Uracil,0.25,-0.32
PER1,YCR044C,Uracil,0.25,0.16
YHC3,YJL059W,Uracil,0.25,0.12
SGE1,YPR198W,Uracil,0.25,0.09
HNM1,YGL077C,Uracil,0.25,-0.41
SWI1,YPL016W,Uracil,0.25,-0.06
NAM8,YHR086W,Uracil,0.25,0.18
BGL2,YGR282C,Uracil,0.25,-0.01
ACT1,YFL039C,Uracil,0.25,-0.17
SFL1,YOR140W,Uracil,0.25,-0.02
OYE3,YPL171C,Uracil,0.25,-2.35
MMP1,YLL061W,Uracil,0.25,-1.19
MHT1,YLL062C,Uracil,0.25,-0.73
SUL2,YLR092W,Uracil,0.25,-0.65
IPP1,YBR011C,Uracil,0.25,-0.14
CWP1,YKL096W,Uracil,0.25,0.43
LEU9,YOR108W,Uracil,0.25,-0.53
LEU1,YGL009C,Uracil,0.25,-0.34
LEU2,YCL018W,Uracil,0.25,0.23
LEU4,YNL104C,Uracil,0.25,-0.13
ADH2,YMR303C,Uracil,0.25,-1.2
SFB2,YNL049C,Uracil,0.3,0.09
QRI7,YDL104C,Uracil,0.3,-0.47
CFT2,YLR115W,Uracil,0.3,-0.01
SSO2,YMR183C,Uracil,0.3,-0.03
PSP2,YML017W,Uracil,0.3,-0.1
RIB2,YOL066C,Uracil,0.3,0.06
VMA13,YPR036W,Uracil,0.3,0.11
EDC3,YEL015W,Uracil,0.3,0.1
VPS5,YOR069W,Uracil,0.3,-0.12
AMN1,YBR158W,Uracil,0.3,-0.01
SCW11,YGL028C,Uracil,0.3,-0.15
DSE2,YHR143W,Uracil,0.3,-0.04
COX15,YER141W,Uracil,0.3,0.19
SPE1,YKL184W,Uracil,0.3,-0.25
MTF1,YMR228W,Uracil,0.3,-0.35
KSS1,YGR040W,Uracil,0.3,-0.18
YAP7,YOL028C,Uracil,0.3,-0.21
YVC1,YOR087W,Uracil,0.3,0.14
CDC40,YDR364C,Uracil,0.3,0.12
RMD1,YDL001W,Uracil,0.3,-0.03
PCL6,YER059W,Uracil,0.3,0.06
AI4,Q0065,Uracil,0.3,-0.81
GGC1,YDL198C,Uracil,0.3,-0.83
SUL1,YBR294W,Uracil,0.3,-1.79
RAD57,YDR004W,Uracil,0.3,-0.26
PER1,YCR044C,Uracil,0.3,0.32
YHC3,YJL059W,Uracil,0.3,0.33
SGE1,YPR198W,Uracil,0.3,0.34
HNM1,YGL077C,Uracil,0.3,-0.16
SWI1,YPL016W,Uracil,0.3,-0.18
NAM8,YHR086W,Uracil,0.3,0.27
BGL2,YGR282C,Uracil,0.3,0
ACT1,YFL039C,Uracil,0.3,-0.16
SFL1,YOR140W,Uracil,0.3,-0.16
OYE3,YPL171C,Uracil,0.3,-1.79
MMP1,YLL061W,Uracil,0.3,-0.77
MHT1,YLL062C,Uracil,0.3,-0.38
SUL2,YLR092W,Uracil,0.3,-0.48
IPP1,YBR011C,Uracil,0.3,-0.07
CWP1,YKL096W,Uracil,0.3,1.12
LEU9,YOR108W,Uracil,0.3,-0.01
LEU1,YGL009C,Uracil,0.3,-0.16
LEU2,YCL018W,Uracil,0.3,0.27
LEU4,YNL104C,Uracil,0.3,-0.38
ADH2,YMR303C,Uracil,0.3,-1.19
